name,check,compiler.compiler,compiler.sunflow,compress,crypto.aes,crypto.rsa,crypto.signverify,derby,mpegaudio,scimark.fft.large,scimark.fft.small,scimark.lu.large,scimark.lu.small,scimark.monte_carlo,scimark.sor.large,scimark.sor.small,scimark.sparse.large,scimark.sparse.small,serial,starrtup.crypto.signverify,startup.compiler.compiler,startup.compiler.sunflow,startup.compress,startup.crypto.aes,startup.crypto.rsa,startup.helloworld,startup.mpegaudio,startup.scimark.fft,startup.scimark.lu,startup.scimark.monte_carlo,startup.scimark.sor,startup.scimark.sparse,startup.serial,startup.sunflow,startup.xml.transform,startup.xml.validation,sunflow,xml.transform,xml.validation
L3-GROUP-STUDY,1003.7891547087364,207.56073806375264,80.999300425914669,174.29609587954076,59.474247600203995,98.807003363769468,174.00063456367633,128.44174936257582,84.689756719514079,33.661333623429371,287.47439462581815,6.4082031667864578,225.14521415541432,48.546367936167393,33.495561234176805,148.14197843920647,19.422033205125881,210.2894607636689,91.996033338701068,8.8797391536875452,3.1944877382482133,13.427982964873753,41.978218988764027,6.5044929410039813,7.6462213496312907,272.44768776115529,21.446568700664365,65.623166003058301,52.544723003405203,9.5331957874798547,37.982059157014987,51.101241521932252,21.772384391537074,8.8321872184919918,2.2785202758936638,49.910647604822366,69.843638027914835,207.61610883926551,320.01207488394533
L4-GROUP-STUDY,1021.6048461699144,210.78006072821981,82.368089042988657,173.15757045810241,60.174357549421082,103.02573116266056,171.92118096438097,128.1982386472952,86.443791417953548,35.152140097995982,302.22671944925145,6.5444293138538994,229.76983906313032,48.719808027564476,34.379145098244827,150.06524983269841,21.091436548962719,212.55097903848369,93.830412458200115,8.7254783463530945,3.2075880462358293,13.986720099275137,43.063458049048826,6.5607388781679861,7.7136149894136734,352.05128205128204,22.075911893984856,67.108402473214241,54.680578146282123,9.8458083213115177,38.219431411779652,51.999732067228628,22.631116128792627,8.7240087697575248,2.446774982483078,52.351155085151738,68.356795514286162,209.55266785764471,315.99372185430184
